{
  "Workflows": [
    {
      "Path": null,
      "SortBy": 0,
      "VariablesSectionElementsOrder": [],
      "ArgumentsSectionElementsOrder": null,
      "ConstantsSectionElementsOrder": [],
      "AddedNamespaces": null
    },
    {
      "Path": "Main.xaml",
      "SortBy": 0,
      "VariablesSectionElementsOrder": [
        "cellnum&Sequence_1",
        "totaltut&Sequence_1",
        "Tut_number&Sequence_1",
        "datenum&Sequence_1",
        "ExtractDataTable&Sequence_1",
        "currentitem&Sequence_1",
        "tutno&Sequence_1",
        "workdate&Sequence_1",
        "holidayornot&Sequence_1",
        "day&Sequence_1",
        "workingornot&Sequence_1",
        "tut&Sequence_1",
        "totaldays&Sequence_1",
        "tutday&Sequence_1",
        "res&Sequence_1",
        "startdt&Sequence_1",
        "enddt&Sequence_1",
        "tot_lec&Sequence_1"
      ],
      "ArgumentsSectionElementsOrder": [],
      "ConstantsSectionElementsOrder": [],
      "AddedNamespaces": null
    }
  ]
}