{
  "Workflows": [
    {
      "Path": null,
      "SortBy": 0,
      "VariablesSectionElementsOrder": [],
      "ArgumentsSectionElementsOrder": null,
      "ConstantsSectionElementsOrder": [],
      "AddedNamespaces": null
    },
    {
      "Path": "Main.xaml",
      "SortBy": 0,
      "VariablesSectionElementsOrder": [
        "CO1&Flowchart_1",
        "q1&Flowchart_1",
        "q2&Flowchart_1",
        "q1b&Flowchart_1",
        "q2b&Flowchart_1",
        "outcome&Flowchart_1",
        "ExtractDataTable&Flowchart_1",
        "clippy&Flowchart_1"
      ],
      "ArgumentsSectionElementsOrder": [],
      "ConstantsSectionElementsOrder": [],
      "AddedNamespaces": null
    }
  ]
}