{
  "Workflows": [
    {
      "Path": null,
      "SortBy": 0,
      "VariablesSectionElementsOrder": [],
      "ArgumentsSectionElementsOrder": null,
      "ConstantsSectionElementsOrder": [],
      "AddedNamespaces": null
    },
    {
      "Path": "Main.xaml",
      "SortBy": 0,
      "VariablesSectionElementsOrder": [
        "unit_no&SequenceX_1",
        "u1&SequenceX_1",
        "u2&SequenceX_1",
        "u3&SequenceX_1",
        "u4&SequenceX_1",
        "u5&SequenceX_1",
        "u6&SequenceX_1",
        "x&SequenceX_1",
        "pg3data&SequenceX_1",
        "bookmark_no&SequenceX_1",
        "coursename&SequenceX_1"
      ],
      "ArgumentsSectionElementsOrder": [],
      "ConstantsSectionElementsOrder": [],
      "AddedNamespaces": null
    }
  ]
}